Text,Image URL,Tags,Posting Time
"Still writing weekly reports manually in 2026? 😩 Your raw meeting notes → executive-ready Word docs + PPT in 30s. Reportify AI does the formatting. You do the thinking. https://goreportify.com/generate.html","","","2026-05-19 09:00"
"3 signs your report is wasting everyone's time: 1. Formatting > content 2. Manager asks 'what's the takeaway?' 3. Copying from last week. Fix it in 30s: https://goreportify.com/generate.html","","","2026-05-19 12:00"
"Weekly report tip: Skip the intro. Execs only need: What changed? What's blocked? What's next? Reportify AI structures this for you: https://goreportify.com/generate.html","","","2026-05-20 09:00"
"Your meeting notes are worth more than you think. One click in Reportify AI turns chaos into executive-ready docs: https://goreportify.com/generate.html","","","2026-05-20 12:00"
"Better reports = better structure, not more words. Executive summary → Decisions → Next steps. Reportify AI handles it: https://goreportify.com/generate.html","","","2026-05-21 09:00"
"PMs spend 4 hours/week formatting reports. That's 200 hours/year doing what a tool should do. Try Reportify AI free: https://goreportify.com/generate.html","","","2026-05-21 12:00"
"Your manager doesn't want a novel. They want: Key decisions, Action items, Blockers. 3 bullets. Reportify AI extracts this from your messy notes: https://goreportify.com/generate.html","","","2026-05-22 09:00"
"Friday 4pm used to be 'report formatting hour'. Now it's 'strategy hour'. Reportify AI took over the grunt work: https://goreportify.com/generate.html","","","2026-05-22 12:00"
"Hot take: AI report writers that just 'write text' miss the point. Reportify AI's RIE engine understands context and hierarchy. Try the difference: https://goreportify.com/generate.html","","","2026-05-23 09:00"
"Stop explaining your tools. Start explaining your insights. Reportify AI turns raw notes into polished reports in 30s flat: https://goreportify.com/generate.html","","","2026-05-23 12:00"
